Date,Adj Close,Close,High,Low,Open,Volume
2023-10-18 00:00:00+00:00,28328.341796875,28328.341796875,28889.009765625,28174.251953125,28413.53125,12724128586
2023-10-19 00:00:00+00:00,28719.806640625,28719.806640625,28892.474609375,28177.98828125,28332.416015625,14448058195
2023-10-20 00:00:00+00:00,29682.94921875,29682.94921875,30104.0859375,28601.669921875,28732.8125,21536125230
2023-10-21 00:00:00+00:00,29918.412109375,29918.412109375,30287.482421875,29481.751953125,29683.380859375,11541146996
2023-10-22 00:00:00+00:00,29993.896484375,29993.896484375,30199.43359375,29720.3125,29918.654296875,10446520040
2023-10-23 00:00:00+00:00,33086.234375,33086.234375,34370.4375,30097.828125,30140.685546875,38363572311
2023-10-24 00:00:00+00:00,33901.52734375,33901.52734375,35150.43359375,32880.76171875,33077.3046875,44934999645
2023-10-25 00:00:00+00:00,34502.8203125,34502.8203125,35133.7578125,33709.109375,33916.04296875,25254318008
2023-10-26 00:00:00+00:00,34156.6484375,34156.6484375,34832.91015625,33762.32421875,34504.2890625,19427195376
2023-10-27 00:00:00+00:00,33909.80078125,33909.80078125,34238.2109375,33416.88671875,34156.5,16418032871
2023-10-28 00:00:00+00:00,34089.57421875,34089.57421875,34399.390625,33874.8046875,33907.72265625,10160330825
2023-10-29 00:00:00+00:00,34538.48046875,34538.48046875,34743.26171875,33947.56640625,34089.37109375,11160323986
2023-10-30 00:00:00+00:00,34502.36328125,34502.36328125,34843.93359375,34110.97265625,34531.7421875,17184860315
2023-10-31 00:00:00+00:00,34667.78125,34667.78125,34719.25390625,34083.30859375,34500.078125,15758270810
2023-11-01 00:00:00+00:00,35437.25390625,35437.25390625,35527.9296875,34170.69140625,34657.2734375,22446272005
2023-11-02 00:00:00+00:00,34938.2421875,34938.2421875,35919.84375,34401.57421875,35441.578125,20998158544
2023-11-03 00:00:00+00:00,34732.32421875,34732.32421875,34942.47265625,34133.44140625,34942.47265625,17158456701
2023-11-04 00:00:00+00:00,35082.1953125,35082.1953125,35256.03125,34616.69140625,34736.32421875,9561294264
2023-11-05 00:00:00+00:00,35049.35546875,35049.35546875,35340.33984375,34594.2421875,35090.01171875,12412743996
2023-11-06 00:00:00+00:00,35037.37109375,35037.37109375,35286.02734375,34765.36328125,35044.7890625,12693436420
2023-11-07 00:00:00+00:00,35443.5625,35443.5625,35892.41796875,34545.81640625,35047.79296875,18834737789
2023-11-08 00:00:00+00:00,35655.27734375,35655.27734375,35994.41796875,35147.80078125,35419.4765625,17295394918
2023-11-09 00:00:00+00:00,36693.125,36693.125,37926.2578125,35592.1015625,35633.6328125,37762672382
2023-11-10 00:00:00+00:00,37313.96875,37313.96875,37493.80078125,36362.75390625,36702.25,22711265155
2023-11-11 00:00:00+00:00,37138.05078125,37138.05078125,37407.09375,36773.66796875,37310.0703125,13924272142
2023-11-12 00:00:00+00:00,37054.51953125,37054.51953125,37227.69140625,36779.1171875,37133.9921875,11545715999
2023-11-13 00:00:00+00:00,36502.35546875,36502.35546875,37405.1171875,36399.60546875,37070.3046875,19057712790
2023-11-14 00:00:00+00:00,35537.640625,35537.640625,36753.3515625,34948.5,36491.7890625,23857403554
2023-11-15 00:00:00+00:00,37880.58203125,37880.58203125,37964.89453125,35383.78125,35548.11328125,27365821679
2023-11-16 00:00:00+00:00,36154.76953125,36154.76953125,37934.625,35545.47265625,37879.98046875,26007385366
2023-11-17 00:00:00+00:00,36596.68359375,36596.68359375,36704.484375,35901.234375,36164.82421875,22445028430
2023-11-18 00:00:00+00:00,36585.703125,36585.703125,36839.28125,36233.3125,36625.37109375,11886022717
2023-11-19 00:00:00+00:00,37386.546875,37386.546875,37509.35546875,36414.59765625,36585.765625,12915986553
2023-11-20 00:00:00+00:00,37476.95703125,37476.95703125,37756.8203125,36882.53125,37374.07421875,20888209068
2023-11-21 00:00:00+00:00,35813.8125,35813.8125,37631.140625,35813.8125,37469.16015625,25172163756
2023-11-22 00:00:00+00:00,37432.33984375,37432.33984375,37856.98046875,35670.97265625,35756.5546875,24397247860
2023-11-23 00:00:00+00:00,37289.62109375,37289.62109375,37643.91796875,36923.86328125,37420.43359375,14214948217
2023-11-24 00:00:00+00:00,37720.28125,37720.28125,38415.33984375,37261.60546875,37296.31640625,22922957823
2023-11-25 00:00:00+00:00,37796.79296875,37796.79296875,37892.4296875,37617.41796875,37721.4140625,9099571165
2023-11-26 00:00:00+00:00,37479.12109375,37479.12109375,37820.30078125,37162.75,37796.828125,13744796068
2023-11-27 00:00:00+00:00,37254.16796875,37254.16796875,37559.35546875,36750.12890625,37454.19140625,19002925720
2023-11-28 00:00:00+00:00,37831.0859375,37831.0859375,38368.48046875,36891.08984375,37247.9921875,21696137014
2023-11-29 00:00:00+00:00,37858.4921875,37858.4921875,38366.11328125,37612.6328125,37826.10546875,20728546658
2023-11-30 00:00:00+00:00,37712.74609375,37712.74609375,38141.75390625,37531.140625,37861.1171875,18115982627
2023-12-01 00:00:00+00:00,38688.75,38688.75,38954.109375,37629.359375,37718.0078125,23512784002
2023-12-02 00:00:00+00:00,39476.33203125,39476.33203125,39678.9375,38652.59375,38689.27734375,15534035612
2023-12-03 00:00:00+00:00,39978.390625,39978.390625,40135.60546875,39298.1640625,39472.20703125,15769696322
2023-12-04 00:00:00+00:00,41980.09765625,41980.09765625,42371.75,39978.62890625,39978.62890625,39856129827
2023-12-05 00:00:00+00:00,44080.6484375,44080.6484375,44408.6640625,41421.1484375,41986.265625,36312154535
2023-12-06 00:00:00+00:00,43746.4453125,43746.4453125,44265.76953125,43478.08203125,44080.0234375,29909761586
2023-12-07 00:00:00+00:00,43292.6640625,43292.6640625,44042.58984375,42880.6484375,43769.1328125,27635760671
2023-12-08 00:00:00+00:00,44166.6015625,44166.6015625,44705.515625,43125.296875,43293.13671875,24421116687
2023-12-09 00:00:00+00:00,43725.984375,43725.984375,44361.2578125,43627.59765625,44180.01953125,17368210171
2023-12-10 00:00:00+00:00,43779.69921875,43779.69921875,44034.625,43593.28515625,43728.3828125,13000481418
2023-12-11 00:00:00+00:00,41243.83203125,41243.83203125,43808.375,40234.578125,43792.01953125,40632672038
2023-12-12 00:00:00+00:00,41450.22265625,41450.22265625,42048.3046875,40667.5625,41238.734375,24779520132
2023-12-13 00:00:00+00:00,42890.7421875,42890.7421875,43429.78125,40676.8671875,41468.46484375,26797884674
2023-12-14 00:00:00+00:00,43023.97265625,43023.97265625,43390.859375,41767.08984375,42884.26171875,25578530178
2023-12-15 00:00:00+00:00,41929.7578125,41929.7578125,43087.82421875,41692.96875,43028.25,19639442462
2023-12-16 00:00:00+00:00,42240.1171875,42240.1171875,42664.9453125,41723.11328125,41937.7421875,14386729590
2023-12-17 00:00:00+00:00,41364.6640625,41364.6640625,42359.49609375,41274.54296875,42236.109375,16678702876
2023-12-18 00:00:00+00:00,42623.5390625,42623.5390625,42720.296875,40530.2578125,41348.203125,25224642008
2023-12-19 00:00:00+00:00,42270.52734375,42270.52734375,43354.296875,41826.3359375,42641.51171875,23171001281
2023-12-20 00:00:00+00:00,43652.25,43652.25,44275.5859375,42223.81640625,42261.30078125,27868908174
2023-12-21 00:00:00+00:00,43869.15234375,43869.15234375,44240.66796875,43330.05078125,43648.125,22452766169
2023-12-22 00:00:00+00:00,43997.90234375,43997.90234375,44367.95703125,43441.96875,43868.98828125,21028503216
2023-12-23 00:00:00+00:00,43739.54296875,43739.54296875,44015.69921875,43351.35546875,44012.19921875,13507796558
2023-12-24 00:00:00+00:00,43016.1171875,43016.1171875,43945.5234375,42786.91796875,43728.3671875,18830554085
2023-12-25 00:00:00+00:00,43613.140625,43613.140625,43765.09375,42765.76953125,43010.57421875,21115795370
2023-12-26 00:00:00+00:00,42520.40234375,42520.40234375,43603.17578125,41676.48828125,43599.84765625,30026850982
2023-12-27 00:00:00+00:00,43442.85546875,43442.85546875,43683.16015625,42167.58203125,42518.46875,25260941032
2023-12-28 00:00:00+00:00,42627.85546875,42627.85546875,43804.78125,42318.55078125,43468.19921875,22992093014
2023-12-29 00:00:00+00:00,42099.40234375,42099.40234375,43124.32421875,41424.0625,42614.64453125,26000021055
2023-12-30 00:00:00+00:00,42156.90234375,42156.90234375,42584.125,41556.2265625,42091.75390625,16013925945
2023-12-31 00:00:00+00:00,42265.1875,42265.1875,42860.9375,41998.25390625,42152.09765625,16397498810
2024-01-01 00:00:00+00:00,44167.33203125,44167.33203125,44175.4375,42214.9765625,42280.234375,18426978443
2024-01-02 00:00:00+00:00,44957.96875,44957.96875,45899.70703125,44176.94921875,44187.140625,39335274536
2024-01-03 00:00:00+00:00,42848.17578125,42848.17578125,45503.2421875,40813.53515625,44961.6015625,46342323118
2024-01-04 00:00:00+00:00,44179.921875,44179.921875,44770.0234375,42675.17578125,42855.81640625,30448091210
2024-01-05 00:00:00+00:00,44162.69140625,44162.69140625,44353.28515625,42784.71875,44192.98046875,32336029347
2024-01-06 00:00:00+00:00,43989.1953125,43989.1953125,44227.6328125,43475.15625,44178.953125,16092503468
2024-01-07 00:00:00+00:00,43943.09765625,43943.09765625,44495.5703125,43662.23046875,43998.46484375,19330573863
2024-01-08 00:00:00+00:00,46970.50390625,46970.50390625,47218.0,43244.08203125,43948.70703125,42746192015
2024-01-09 00:00:00+00:00,46139.73046875,46139.73046875,47893.69921875,45244.71484375,46987.640625,39821290992
2024-01-10 00:00:00+00:00,46627.77734375,46627.77734375,47647.22265625,44483.15234375,46121.5390625,50114613298
2024-01-11 00:00:00+00:00,46368.5859375,46368.5859375,48969.37109375,45678.64453125,46656.07421875,45833734549
2024-01-12 00:00:00+00:00,42853.16796875,42853.16796875,46498.13671875,41903.76953125,46354.79296875,43332698900
2024-01-13 00:00:00+00:00,42842.3828125,42842.3828125,43234.66015625,42464.14453125,42799.4453125,20601860469
2024-01-14 00:00:00+00:00,41796.26953125,41796.26953125,43065.59765625,41724.61328125,42842.26171875,17521429522
2024-01-15 00:00:00+00:00,42511.96875,42511.96875,43319.72265625,41705.41796875,41715.06640625,22320220558
2024-01-16 00:00:00+00:00,43154.9453125,43154.9453125,43566.2734375,42085.99609375,42499.3359375,24062872740
2024-01-17 00:00:00+00:00,42742.65234375,42742.65234375,43189.890625,42189.30859375,43132.1015625,20851232595
2024-01-18 00:00:00+00:00,41262.05859375,41262.05859375,42876.34765625,40631.171875,42742.3125,25218357242
2024-01-19 00:00:00+00:00,41618.40625,41618.40625,42134.16015625,40297.45703125,41278.4609375,25752407154
2024-01-20 00:00:00+00:00,41665.5859375,41665.5859375,41877.89453125,41446.82421875,41624.58984375,11586690904
2024-01-21 00:00:00+00:00,41545.78515625,41545.78515625,41855.3671875,41497.0078125,41671.48828125,9344043642
2024-01-22 00:00:00+00:00,39507.3671875,39507.3671875,41651.20703125,39450.1171875,41553.65234375,31338708143
2024-01-23 00:00:00+00:00,39845.55078125,39845.55078125,40127.3515625,38521.89453125,39518.71484375,29244553045
2024-01-24 00:00:00+00:00,40077.07421875,40077.07421875,40483.78515625,39508.796875,39877.59375,22359526178
2024-01-25 00:00:00+00:00,39933.80859375,39933.80859375,40254.48046875,39545.6640625,40075.55078125,18491782013
2024-01-26 00:00:00+00:00,41816.87109375,41816.87109375,42209.38671875,39825.69140625,39936.81640625,25598119893
2024-01-27 00:00:00+00:00,42120.0546875,42120.0546875,42195.6328125,41431.28125,41815.625,11422941934
2024-01-28 00:00:00+00:00,42035.59375,42035.59375,42797.17578125,41696.91015625,42126.125,16858971687
2024-01-29 00:00:00+00:00,43288.24609375,43288.24609375,43305.8671875,41818.33203125,42030.9140625,20668476578
2024-01-30 00:00:00+00:00,42952.609375,42952.609375,43838.9453125,42711.37109375,43300.2265625,23842814518
2024-01-31 00:00:00+00:00,42582.60546875,42582.60546875,43717.40625,42298.9453125,42946.25,24673628793
2024-02-01 00:00:00+00:00,43075.7734375,43075.7734375,43243.16796875,41879.19140625,42569.76171875,21423953779
2024-02-02 00:00:00+00:00,43185.859375,43185.859375,43422.48828125,42584.3359375,43077.640625,18603843039
2024-02-03 00:00:00+00:00,42992.25,42992.25,43359.94140625,42890.80859375,43184.96484375,11169245236
2024-02-04 00:00:00+00:00,42583.58203125,42583.58203125,43097.64453125,42374.83203125,42994.94140625,14802225490
2024-02-05 00:00:00+00:00,42658.66796875,42658.66796875,43494.25,42264.81640625,42577.62109375,18715487317
2024-02-06 00:00:00+00:00,43084.671875,43084.671875,43344.1484375,42529.01953125,42657.390625,16798476726
2024-02-07 00:00:00+00:00,44318.22265625,44318.22265625,44341.94921875,42775.95703125,43090.01953125,21126587775
2024-02-08 00:00:00+00:00,45301.56640625,45301.56640625,45575.83984375,44332.125,44332.125,26154524080
2024-02-09 00:00:00+00:00,47147.19921875,47147.19921875,48152.49609375,45260.82421875,45297.3828125,39316770844
2024-02-10 00:00:00+00:00,47771.27734375,47771.27734375,48146.171875,46905.3203125,47153.52734375,16398681570
2024-02-11 00:00:00+00:00,48293.91796875,48293.91796875,48535.9375,47617.40625,47768.96875,19315867136
2024-02-12 00:00:00+00:00,49958.22265625,49958.22265625,50280.4765625,47745.76171875,48296.38671875,34511985805
2024-02-13 00:00:00+00:00,49742.44140625,49742.44140625,50358.390625,48406.49609375,49941.359375,35593051468
2024-02-14 00:00:00+00:00,51826.6953125,51826.6953125,52021.37109375,49296.83203125,49733.4453125,39105608050
2024-02-15 00:00:00+00:00,51938.5546875,51938.5546875,52820.06640625,51371.62890625,51836.78515625,38564360533
2024-02-16 00:00:00+00:00,52160.203125,52160.203125,52537.96875,51641.3671875,51937.7265625,28180567298
2024-02-17 00:00:00+00:00,51662.99609375,51662.99609375,52191.9140625,50669.66796875,52161.67578125,20009091006
2024-02-18 00:00:00+00:00,52122.546875,52122.546875,52356.96484375,51233.70703125,51661.96875,17595377311
2024-02-19 00:00:00+00:00,51779.14453125,51779.14453125,52483.32421875,51711.8203125,52134.8125,21362184346
2024-02-20 00:00:00+00:00,52284.875,52284.875,52945.05078125,50792.3125,51777.7265625,33353758256
2024-02-21 00:00:00+00:00,51839.1796875,51839.1796875,52368.81640625,50671.7578125,52273.53515625,28624907020
2024-02-22 00:00:00+00:00,51304.97265625,51304.97265625,52009.61328125,50926.29296875,51854.64453125,25413900611
2024-02-23 00:00:00+00:00,50731.94921875,50731.94921875,51497.93359375,50561.77734375,51283.90625,21427078270
2024-02-24 00:00:00+00:00,51571.1015625,51571.1015625,51684.1953125,50585.4453125,50736.37109375,15174077879
2024-02-25 00:00:00+00:00,51733.23828125,51733.23828125,51950.02734375,51306.171875,51565.21484375,15413239245
2024-02-26 00:00:00+00:00,54522.40234375,54522.40234375,54938.17578125,50931.03125,51730.5390625,34074411896
2024-02-27 00:00:00+00:00,57085.37109375,57085.37109375,57537.83984375,54484.19921875,54519.36328125,49756832031
2024-02-28 00:00:00+00:00,62504.7890625,62504.7890625,63913.1328125,56738.42578125,57071.09765625,83239156760
2024-02-29 00:00:00+00:00,61198.3828125,61198.3828125,63585.64453125,60498.73046875,62499.18359375,65496611844
2024-03-01 00:00:00+00:00,62440.6328125,62440.6328125,63155.1015625,60802.52734375,61168.0625,40186368423
2024-03-02 00:00:00+00:00,62029.84765625,62029.84765625,62458.69921875,61657.2890625,62431.65234375,23888473685
2024-03-03 00:00:00+00:00,63167.37109375,63167.37109375,63230.2109375,61435.0234375,62031.578125,26253811450
2024-03-04 00:00:00+00:00,68330.4140625,68330.4140625,68537.03125,62386.51953125,63137.00390625,70670471105
2024-03-05 00:00:00+00:00,63801.19921875,63801.19921875,69170.625,59323.91015625,68341.0546875,102802940877
2024-03-06 00:00:00+00:00,66106.8046875,66106.8046875,67637.9296875,62848.671875,63776.05078125,68750229073
2024-03-07 00:00:00+00:00,66925.484375,66925.484375,68029.921875,65655.53125,66099.7421875,46989543159
2024-03-08 00:00:00+00:00,68300.09375,68300.09375,70083.0546875,66230.453125,66938.09375,59202881172
2024-03-09 00:00:00+00:00,68498.8828125,68498.8828125,68673.0546875,68053.125,68299.2578125,21609650379
2024-03-10 00:00:00+00:00,69019.7890625,69019.7890625,70005.203125,68239.9765625,68500.2578125,35683977532
2024-03-11 00:00:00+00:00,72123.90625,72123.90625,72850.7109375,67194.8828125,69020.546875,65716656765
2024-03-12 00:00:00+00:00,71481.2890625,71481.2890625,72825.65625,68728.8515625,72125.125,62554434520
2024-03-13 00:00:00+00:00,73083.5,73083.5,73637.4765625,71334.09375,71482.1171875,48212536929
2024-03-14 00:00:00+00:00,71396.59375,71396.59375,73750.0703125,68563.0234375,73079.375,59594605698
2024-03-15 00:00:00+00:00,69403.7734375,69403.7734375,72357.1328125,65630.6953125,71387.875,78320453976
2024-03-16 00:00:00+00:00,65315.1171875,65315.1171875,70046.2734375,64801.39453125,69392.484375,46842198371
2024-03-17 00:00:00+00:00,68390.625,68390.625,68845.71875,64545.31640625,65316.34375,44716864318
2024-03-18 00:00:00+00:00,67548.59375,67548.59375,68897.1328125,66594.2265625,68371.3046875,49261579492
2024-03-19 00:00:00+00:00,61912.7734375,61912.7734375,68106.9296875,61536.1796875,67556.1328125,74215844794
2024-03-20 00:00:00+00:00,67913.671875,67913.671875,68115.2578125,60807.78515625,61930.15625,66792634382
2024-03-21 00:00:00+00:00,65491.390625,65491.390625,68199.9921875,64580.91796875,67911.5859375,44480350565
2024-03-22 00:00:00+00:00,63778.76171875,63778.76171875,66623.75,62355.37109375,65489.9296875,41401116964
2024-03-23 00:00:00+00:00,64062.203125,64062.203125,65976.3984375,63038.4921875,63802.72265625,24738964812
2024-03-24 00:00:00+00:00,67234.171875,67234.171875,67622.7578125,63825.8515625,64070.75390625,27206630673
2024-03-25 00:00:00+00:00,69958.8125,69958.8125,71162.59375,66414.8359375,67234.09375,42700139523
2024-03-26 00:00:00+00:00,69987.8359375,69987.8359375,71535.7421875,69335.609375,69931.328125,36010437368
2024-03-27 00:00:00+00:00,69455.34375,69455.34375,71727.6875,68381.9296875,69991.8984375,40827113309
2024-03-28 00:00:00+00:00,70744.953125,70744.953125,71546.0234375,68895.5078125,69452.7734375,34374900617
2024-03-29 00:00:00+00:00,69892.828125,69892.828125,70913.09375,69076.65625,70744.796875,25230851763
2024-03-30 00:00:00+00:00,69645.3046875,69645.3046875,70355.4921875,69601.0625,69893.4453125,17130241883
2024-03-31 00:00:00+00:00,71333.6484375,71333.6484375,71377.78125,69624.8671875,69647.78125,20050941373
2024-04-01 00:00:00+00:00,69702.1484375,69702.1484375,71342.09375,68110.6953125,71333.484375,34873527352
2024-04-02 00:00:00+00:00,65446.97265625,65446.97265625,69708.3828125,64586.59375,69705.0234375,50705240709
2024-04-03 00:00:00+00:00,65980.8125,65980.8125,66914.3203125,64559.8984375,65446.671875,34488018367
2024-04-04 00:00:00+00:00,68508.84375,68508.84375,69291.2578125,65113.796875,65975.6953125,34439527442
2024-04-05 00:00:00+00:00,67837.640625,67837.640625,68725.7578125,66011.4765625,68515.7578125,33748230056
2024-04-06 00:00:00+00:00,68896.109375,68896.109375,69629.6015625,67491.71875,67840.5703125,19967785809
2024-04-07 00:00:00+00:00,69362.5546875,69362.5546875,70284.4296875,68851.6328125,68897.109375,21204930369
2024-04-08 00:00:00+00:00,71631.359375,71631.359375,72715.359375,69064.2421875,69362.5546875,37261432669
2024-04-09 00:00:00+00:00,69139.015625,69139.015625,71742.5078125,68212.921875,71632.5,36426900409
2024-04-10 00:00:00+00:00,70587.8828125,70587.8828125,71093.4296875,67503.5625,69140.2421875,38318601774
2024-04-11 00:00:00+00:00,70060.609375,70060.609375,71256.234375,69571.8125,70575.734375,30153382941
2024-04-12 00:00:00+00:00,67195.8671875,67195.8671875,71222.7421875,65254.8359375,70061.3828125,44129299406
2024-04-13 00:00:00+00:00,63821.47265625,63821.47265625,67931.4296875,60919.10546875,67188.375,52869738185
2024-04-14 00:00:00+00:00,65738.7265625,65738.7265625,65824.4296875,62205.8515625,63836.23046875,49084320047
2024-04-15 00:00:00+00:00,63426.2109375,63426.2109375,66878.6484375,62332.0703125,65739.6484375,43595917654
2024-04-16 00:00:00+00:00,63811.86328125,63811.86328125,64355.66796875,61716.40234375,63419.296875,42847528078
2024-04-17 00:00:00+00:00,61276.69140625,61276.69140625,64486.36328125,59768.5859375,63831.84765625,41915247049
2024-04-18 00:00:00+00:00,63512.75390625,63512.75390625,64125.6875,60833.48046875,61275.31640625,36006307335
2024-04-19 00:00:00+00:00,63843.5703125,63843.5703125,65481.59765625,59651.390625,63510.75,49920425401
2024-04-20 00:00:00+00:00,64994.44140625,64994.44140625,65442.45703125,63172.40234375,63851.1015625,23097485495
2024-04-21 00:00:00+00:00,64926.64453125,64926.64453125,65723.2421875,64277.72265625,64992.81640625,20506644853
2024-04-22 00:00:00+00:00,66837.6796875,66837.6796875,67233.9609375,64548.1796875,64935.6328125,28282686673
2024-04-23 00:00:00+00:00,66407.2734375,66407.2734375,67199.2421875,65864.8671875,66839.890625,24310975583
2024-04-24 00:00:00+00:00,64276.8984375,64276.8984375,67075.3671875,63589.87109375,66408.71875,30276655120
2024-04-25 00:00:00+00:00,64481.70703125,64481.70703125,65275.20703125,62783.6328125,64275.01953125,32155786816
2024-04-26 00:00:00+00:00,63755.3203125,63755.3203125,64789.65625,63322.3984375,64485.37109375,24139372950
2024-04-27 00:00:00+00:00,63419.140625,63419.140625,63898.36328125,62424.71875,63750.98828125,19530783039
2024-04-28 00:00:00+00:00,63113.23046875,63113.23046875,64321.484375,62793.59765625,63423.515625,17334827993
2024-04-29 00:00:00+00:00,63841.12109375,63841.12109375,64174.87890625,61795.45703125,63106.36328125,26635912073
2024-04-30 00:00:00+00:00,60636.85546875,60636.85546875,64703.33203125,59120.06640625,63839.41796875,37840840057
2024-05-01 00:00:00+00:00,58254.01171875,58254.01171875,60780.5,56555.29296875,60609.49609375,48439780271
2024-05-02 00:00:00+00:00,59123.43359375,59123.43359375,59602.296875,56937.203125,58253.703125,32711813559
2024-05-03 00:00:00+00:00,62889.8359375,62889.8359375,63320.50390625,58848.3125,59122.30078125,33172023048
2024-05-04 00:00:00+00:00,63891.47265625,63891.47265625,64494.95703125,62599.3515625,62891.03125,20620477992
2024-05-05 00:00:00+00:00,64031.1328125,64031.1328125,64610.890625,62955.3046875,63892.453125,18296164805
2024-05-06 00:00:00+00:00,63161.94921875,63161.94921875,65494.90234375,62746.23828125,64038.3125,28697928697
2024-05-07 00:00:00+00:00,62334.81640625,62334.81640625,64390.45703125,62285.98046875,63162.76171875,25930730982
2024-05-08 00:00:00+00:00,61187.94140625,61187.94140625,62986.0859375,60877.12890625,62332.640625,26088172222
2024-05-09 00:00:00+00:00,63049.9609375,63049.9609375,63404.9140625,60648.07421875,61191.19921875,25453338161
2024-05-10 00:00:00+00:00,60792.77734375,60792.77734375,63446.7421875,60208.78125,63055.19140625,27804954694
2024-05-11 00:00:00+00:00,60793.7109375,60793.7109375,61451.15234375,60492.625,60793.35546875,13842272968
2024-05-12 00:00:00+00:00,61448.39453125,61448.39453125,61818.15625,60632.6015625,60793.50390625,13800459405
2024-05-13 00:00:00+00:00,62901.44921875,62901.44921875,63422.66015625,60769.83984375,61451.21875,27889181179
2024-05-14 00:00:00+00:00,61552.7890625,61552.7890625,63092.125,61123.765625,62900.7734375,28186271527
2024-05-15 00:00:00+00:00,66267.4921875,66267.4921875,66454.453125,61330.41015625,61553.98828125,39815167074
2024-05-16 00:00:00+00:00,65231.58203125,65231.58203125,66712.4296875,64613.0546875,66256.109375,31573077994
2024-05-17 00:00:00+00:00,67051.875,67051.875,67459.4609375,65119.31640625,65231.296875,28031279310
2024-05-18 00:00:00+00:00,66940.8046875,66940.8046875,67387.328125,66663.5,67066.2109375,16712277406
2024-05-19 00:00:00+00:00,66278.3671875,66278.3671875,67694.296875,65937.1796875,66937.9296875,19249094538
2024-05-20 00:00:00+00:00,71448.1953125,71448.1953125,71483.5625,66086.171875,66278.7421875,43850655717
2024-05-21 00:00:00+00:00,70136.53125,70136.53125,71946.4609375,69191.125,71443.0625,46932005990
2024-05-22 00:00:00+00:00,69122.3359375,69122.3359375,70623.6953125,68977.6953125,70135.3203125,32802561717
2024-05-23 00:00:00+00:00,67929.5625,67929.5625,70041.2734375,66356.953125,69121.3046875,41895680979
2024-05-24 00:00:00+00:00,68526.1015625,68526.1015625,69220.296875,66622.671875,67928.1328125,29197308153
2024-05-25 00:00:00+00:00,69265.9453125,69265.9453125,69579.3203125,68515.8203125,68526.921875,15473071741
2024-05-26 00:00:00+00:00,68518.09375,68518.09375,69506.2265625,68183.890625,69264.2890625,15628433737
2024-05-27 00:00:00+00:00,69394.5546875,69394.5546875,70597.8828125,68232.5,68512.1796875,25870990717
2024-05-28 00:00:00+00:00,68296.21875,68296.21875,69514.640625,67227.15625,69392.1953125,32722265965
2024-05-29 00:00:00+00:00,67578.09375,67578.09375,68852.4609375,67101.4921875,68296.3515625,26707072906
2024-05-30 00:00:00+00:00,68364.9921875,68364.9921875,69500.5390625,67118.078125,67576.0859375,29509712534
2024-05-31 00:00:00+00:00,67491.4140625,67491.4140625,68999.5625,66633.421875,68362.515625,27387283769
2024-06-01 00:00:00+00:00,67706.9375,67706.9375,67839.765625,67386.1953125,67489.609375,11641495604
2024-06-02 00:00:00+00:00,67751.6015625,67751.6015625,68409.1640625,67315.5234375,67710.2734375,17110588415
2024-06-03 00:00:00+00:00,68804.78125,68804.78125,70230.8203125,67589.8359375,67753.8984375,32401285324
2024-06-04 00:00:00+00:00,70567.765625,70567.765625,71047.40625,68564.640625,68804.5703125,33149696545
2024-06-05 00:00:00+00:00,71082.8203125,71082.8203125,71735.4140625,70390.7109375,70568.3515625,32810771409
2024-06-06 00:00:00+00:00,70757.1640625,70757.1640625,71625.734375,70119.125,71082.84375,25223152007
2024-06-07 00:00:00+00:00,69342.5859375,69342.5859375,71907.8515625,68507.2578125,70759.1875,36188381096
2024-06-08 00:00:00+00:00,69305.7734375,69305.7734375,69533.3203125,69210.7421875,69324.1796875,14262185861
2024-06-09 00:00:00+00:00,69647.9921875,69647.9921875,69817.5234375,69160.84375,69297.4921875,13534028500
2024-06-10 00:00:00+00:00,69512.28125,69512.28125,70146.0703125,69232.421875,69644.3125,20597699541
2024-06-11 00:00:00+00:00,67332.03125,67332.03125,69549.4140625,66123.6015625,69508.078125,37116136345
2024-06-12 00:00:00+00:00,68241.1875,68241.1875,69977.890625,66902.453125,67321.375,34497940694
2024-06-13 00:00:00+00:00,66756.3984375,66756.3984375,68365.78125,66304.5625,68243.1015625,28955204146
2024-06-14 00:00:00+00:00,66011.09375,66011.09375,67294.6484375,65056.89453125,66747.5703125,27403884779
2024-06-15 00:00:00+00:00,66191.0,66191.0,66402.1875,65871.7734375,66006.7421875,14121265576
2024-06-16 00:00:00+00:00,66639.046875,66639.046875,66894.84375,66018.25,66189.359375,13281140541
2024-06-17 00:00:00+00:00,66490.296875,66490.296875,67188.3203125,65094.96484375,66636.515625,30006354476
2024-06-18 00:00:00+00:00,65140.74609375,65140.74609375,66556.703125,64066.95703125,66490.9765625,39481285950
2024-06-19 00:00:00+00:00,64960.296875,64960.296875,65695.3515625,64693.30078125,65146.66015625,21103423504
2024-06-20 00:00:00+00:00,64828.65625,64828.65625,66438.9609375,64547.84765625,64960.296875,25641109124
2024-06-21 00:00:00+00:00,64096.19921875,64096.19921875,65007.546875,63378.89453125,64837.98828125,26188171739
2024-06-22 00:00:00+00:00,64252.578125,64252.578125,64475.46875,63929.7578125,64113.86328125,9858198793
2024-06-23 00:00:00+00:00,63180.796875,63180.796875,64491.703125,63180.796875,64248.96484375,11170471802
2024-06-24 00:00:00+00:00,60277.4140625,60277.4140625,63292.52734375,58601.69921875,63173.3515625,43152133651
2024-06-25 00:00:00+00:00,61804.640625,61804.640625,62258.26171875,60239.75,60266.28125,29201215431
2024-06-26 00:00:00+00:00,60811.27734375,60811.27734375,62434.13671875,60695.1875,61789.67578125,22506003064
2024-06-27 00:00:00+00:00,61604.80078125,61604.80078125,62293.86328125,60585.33203125,60811.2265625,21231745045
2024-06-28 00:00:00+00:00,60320.13671875,60320.13671875,62126.09765625,59985.40234375,61612.8046875,24952866877
2024-06-29 00:00:00+00:00,60887.37890625,60887.37890625,61097.62109375,60300.96484375,60319.875,12652903396
2024-06-30 00:00:00+00:00,62678.29296875,62678.29296875,62892.828125,60632.94921875,60888.4453125,17333226409
2024-07-01 00:00:00+00:00,62851.98046875,62851.98046875,63777.2265625,62495.51171875,62673.60546875,25468379421
2024-07-02 00:00:00+00:00,62029.015625,62029.015625,63203.359375,61752.74609375,62844.41015625,20151616992
2024-07-03 00:00:00+00:00,60173.921875,60173.921875,62187.703125,59419.38671875,62034.33203125,29756701685
2024-07-04 00:00:00+00:00,56977.703125,56977.703125,60399.67578125,56777.8046875,60147.13671875,41149609230
2024-07-05 00:00:00+00:00,56662.375,56662.375,57497.15234375,53717.375,57022.80859375,55417544033
2024-07-06 00:00:00+00:00,58303.5390625,58303.5390625,58472.546875,56038.9609375,56659.07421875,20610320577
2024-07-07 00:00:00+00:00,55849.109375,55849.109375,58371.12109375,55793.32421875,58239.4296875,20553359505
2024-07-08 00:00:00+00:00,56705.09765625,56705.09765625,58131.3359375,54321.01953125,55849.57421875,39766159899
2024-07-09 00:00:00+00:00,58009.2265625,58009.2265625,58239.1953125,56316.875,56704.59765625,27849512607
2024-07-10 00:00:00+00:00,57742.49609375,57742.49609375,59359.43359375,57178.4140625,58033.8828125,26175260526
2024-07-11 00:00:00+00:00,57344.9140625,57344.9140625,59299.43359375,57120.37890625,57729.890625,28707803842
2024-07-12 00:00:00+00:00,57899.46484375,57899.46484375,58532.5546875,56590.17578125,57341.1953125,25604805221
2024-07-13 00:00:00+00:00,59231.953125,59231.953125,59787.078125,57796.44140625,57908.73828125,17080061806
2024-07-14 00:00:00+00:00,60787.79296875,60787.79296875,61329.52734375,59225.25,59225.25,22223416061
2024-07-15 00:00:00+00:00,64870.15234375,64870.15234375,64870.15234375,60704.9296875,60815.45703125,38094526099
2024-07-16 00:00:00+00:00,65097.1484375,65097.1484375,65354.33984375,62487.96875,64784.41796875,41617346768
2024-07-17 00:00:00+00:00,64118.79296875,64118.79296875,66066.734375,63896.0859375,65091.83203125,32525071311
2024-07-18 00:00:00+00:00,63974.06640625,63974.06640625,65104.66015625,63246.1640625,64104.73828125,27239305337
2024-07-19 00:00:00+00:00,66710.15625,66710.15625,67442.640625,63329.34375,63972.32421875,37003855410
2024-07-20 00:00:00+00:00,67163.6484375,67163.6484375,67610.734375,66299.6171875,66709.921875,19029581250
2024-07-21 00:00:00+00:00,68154.5234375,68154.5234375,68372.90625,65842.296875,67164.9140625,26652190004
2024-07-22 00:00:00+00:00,67585.25,67585.25,68480.0625,66611.296875,68152.9765625,42649109453
2024-07-23 00:00:00+00:00,65927.671875,65927.671875,67779.015625,65484.4609375,67584.8046875,35605668666
2024-07-24 00:00:00+00:00,65372.1328125,65372.1328125,67113.984375,65146.99609375,65927.859375,27470942309
2024-07-25 00:00:00+00:00,65777.2265625,65777.2265625,66112.421875,63473.47265625,65375.875,38315761670
2024-07-26 00:00:00+00:00,67912.0625,67912.0625,68207.6015625,65743.765625,65771.8125,30488630457
2024-07-27 00:00:00+00:00,67813.3359375,67813.3359375,69398.5078125,66705.21875,67911.8125,34691905492
2024-07-28 00:00:00+00:00,68255.8671875,68255.8671875,68301.8515625,67085.828125,67808.65625,18043166945
2024-07-29 00:00:00+00:00,66819.9140625,66819.9140625,69987.5390625,66532.59375,68259.0546875,40780682628
2024-07-30 00:00:00+00:00,66201.015625,66201.015625,66987.671875,65323.19140625,66819.0546875,31380492109
2024-07-31 00:00:00+00:00,64619.25,64619.25,66810.2109375,64532.046875,66201.2734375,31292785994
2024-08-01 00:00:00+00:00,65357.5,65357.5,65593.2421875,62248.94140625,64625.83984375,40975554494
2024-08-02 00:00:00+00:00,61415.06640625,61415.06640625,65523.22265625,61184.89453125,65353.5,43060875727
2024-08-03 00:00:00+00:00,60680.09375,60680.09375,62148.37109375,59836.52734375,61414.80859375,31753030589
2024-08-04 00:00:00+00:00,58116.9765625,58116.9765625,61062.98828125,57210.8046875,60676.09375,31758917219
2024-08-05 00:00:00+00:00,53991.45703125,53991.45703125,58268.828125,49121.23828125,58110.296875,108991085584
2024-08-06 00:00:00+00:00,56034.31640625,56034.31640625,57059.91796875,53973.2734375,53991.34765625,49300484106
2024-08-07 00:00:00+00:00,55027.4609375,55027.4609375,57726.8828125,54620.5078125,56040.6328125,41637562185
2024-08-08 00:00:00+00:00,61710.13671875,61710.13671875,62673.765625,54766.7265625,55030.02734375,45298472567
2024-08-09 00:00:00+00:00,60880.11328125,60880.11328125,61751.86328125,59587.859375,61728.20703125,33425553115
2024-08-10 00:00:00+00:00,60945.8125,60945.8125,61464.51171875,60287.56640625,60881.23046875,15745822278
2024-08-11 00:00:00+00:00,58719.484375,58719.484375,61778.66015625,58348.82421875,60944.890625,22759754812
2024-08-12 00:00:00+00:00,59354.515625,59354.515625,60680.33203125,57688.8984375,58719.39453125,37078637820
2024-08-13 00:00:00+00:00,60609.56640625,60609.56640625,61572.3984375,58506.25390625,59356.20703125,30327698167
2024-08-14 00:00:00+00:00,58737.26953125,58737.26953125,61687.7578125,58472.875,60611.05078125,29961696180
2024-08-15 00:00:00+00:00,57560.09765625,57560.09765625,59838.6484375,56161.59375,58733.26171875,35682112440
2024-08-16 00:00:00+00:00,58894.10546875,58894.10546875,59847.359375,57110.01953125,57560.2734375,29350938673
2024-08-17 00:00:00+00:00,59478.97265625,59478.97265625,59694.66796875,58814.83203125,58893.53125,13589684021
2024-08-18 00:00:00+00:00,58483.96484375,58483.96484375,60262.71875,58445.40234375,59468.1328125,17740625837
2024-08-19 00:00:00+00:00,59493.453125,59493.453125,59612.66015625,57864.7109375,58480.7109375,25911207712
2024-08-20 00:00:00+00:00,59012.79296875,59012.79296875,61396.328125,58610.8828125,59493.453125,31613400008
2024-08-21 00:00:00+00:00,61175.19140625,61175.19140625,61834.3515625,58823.4453125,59014.98828125,32731154072
2024-08-22 00:00:00+00:00,60381.9140625,60381.9140625,61408.109375,59815.25390625,61168.31640625,27625734377
2024-08-23 00:00:00+00:00,64094.35546875,64094.35546875,64947.0625,60372.05078125,60380.953125,42530509233
2024-08-24 00:00:00+00:00,64178.9921875,64178.9921875,64513.7890625,63619.91796875,64103.87109375,21430585163
2024-08-25 00:00:00+00:00,64333.54296875,64333.54296875,64996.421875,63833.51953125,64176.3671875,18827683555
2024-08-26 00:00:00+00:00,62880.66015625,62880.66015625,64489.70703125,62849.55859375,64342.2265625,27682040631
2024-08-27 00:00:00+00:00,59504.1328125,59504.1328125,63210.796875,58116.75,62879.70703125,39103882198
2024-08-28 00:00:00+00:00,59027.625,59027.625,60236.44921875,57890.67578125,59507.92578125,40289564698
2024-08-29 00:00:00+00:00,59388.1796875,59388.1796875,61184.08203125,58786.2265625,59027.46875,32224990582
2024-08-30 00:00:00+00:00,59119.4765625,59119.4765625,59896.88671875,57768.53125,59388.6015625,32292756405
2024-08-31 00:00:00+00:00,58969.8984375,58969.8984375,59432.59375,58768.78515625,59117.48046875,12403470760
2024-09-01 00:00:00+00:00,57325.48828125,57325.48828125,59062.0703125,57217.82421875,58969.80078125,24592449997
2024-09-02 00:00:00+00:00,59112.48046875,59112.48046875,59403.0703125,57136.02734375,57326.96875,27036454524
2024-09-03 00:00:00+00:00,57431.0234375,57431.0234375,59815.05859375,57425.16796875,59106.19140625,26666961053
2024-09-04 00:00:00+00:00,57971.5390625,57971.5390625,58511.5703125,55673.1640625,57430.34765625,35627680312
2024-09-05 00:00:00+00:00,56160.48828125,56160.48828125,58300.58203125,55712.453125,57971.703125,31030280656
2024-09-06 00:00:00+00:00,53948.75390625,53948.75390625,56976.109375,52598.69921875,56160.19140625,49361693566
2024-09-07 00:00:00+00:00,54139.6875,54139.6875,54838.14453125,53740.0703125,53949.0859375,19061486526
2024-09-08 00:00:00+00:00,54841.56640625,54841.56640625,55300.859375,53653.7578125,54147.93359375,18268287531
2024-09-09 00:00:00+00:00,57019.53515625,57019.53515625,58041.125,54598.43359375,54851.88671875,34618096173
2024-09-10 00:00:00+00:00,57648.7109375,57648.7109375,58029.9765625,56419.4140625,57020.09765625,28857630507
2024-09-11 00:00:00+00:00,57343.171875,57343.171875,57991.3203125,55567.33984375,57650.2890625,37049062672
2024-09-12 00:00:00+00:00,58127.01171875,58127.01171875,58534.359375,57330.1015625,57343.171875,33835707949
2024-09-13 00:00:00+00:00,60571.30078125,60571.30078125,60648.0234375,57650.11328125,58130.32421875,32490528356
2024-09-14 00:00:00+00:00,60005.12109375,60005.12109375,60656.72265625,59517.8828125,60569.1171875,16428405496
2024-09-15 00:00:00+00:00,59182.8359375,59182.8359375,60381.91796875,58696.30859375,60000.7265625,18120960867
2024-09-16 00:00:00+00:00,58192.5078125,58192.5078125,59205.51171875,57501.33984375,59185.2265625,32032822113
2024-09-17 00:00:00+00:00,60308.5390625,60308.5390625,61316.08984375,57628.0703125,58192.5078125,38075570118
2024-09-18 00:00:00+00:00,61649.6796875,61649.6796875,61664.06640625,59218.25390625,60309.0,40990702891
2024-09-19 00:00:00+00:00,62940.45703125,62940.45703125,63872.44140625,61609.8671875,61651.15625,42710252573
2024-09-20 00:00:00+00:00,63192.9765625,63192.9765625,64119.53125,62364.60546875,62941.42578125,35177164222
2024-09-21 00:00:00+00:00,63394.83984375,63394.83984375,63543.359375,62783.10546875,63184.33984375,14408616220
2024-09-22 00:00:00+00:00,63648.7109375,63648.7109375,63993.421875,62440.7265625,63396.8046875,20183348802
2024-09-23 00:00:00+00:00,63329.80078125,63329.80078125,64733.55859375,62628.078125,63643.1015625,31400285425
2024-09-24 00:00:00+00:00,64301.96875,64301.96875,64695.21484375,62737.41796875,63326.83984375,29938335243
2024-09-25 00:00:00+00:00,63143.14453125,63143.14453125,64804.50390625,62945.375,64302.58984375,25078377700
2024-09-26 00:00:00+00:00,65181.01953125,65181.01953125,65790.796875,62669.26953125,63138.546875,36873129847
2024-09-27 00:00:00+00:00,65790.6640625,65790.6640625,66480.6953125,64852.9921875,65180.6640625,32058813449
2024-09-28 00:00:00+00:00,65887.6484375,65887.6484375,66255.53125,65458.03515625,65792.1796875,15243637984
2024-09-29 00:00:00+00:00,65635.3046875,65635.3046875,66069.34375,65450.015625,65888.8984375,14788214575
2024-09-30 00:00:00+00:00,63329.5,63329.5,65635.0546875,62873.6171875,65634.65625,37112957475
2024-10-01 00:00:00+00:00,60837.0078125,60837.0078125,64110.98046875,60189.27734375,63335.60546875,50220923500
2024-10-02 00:00:00+00:00,60632.78515625,60632.78515625,62357.6875,59996.94921875,60836.32421875,40762722398
2024-10-03 00:00:00+00:00,60759.40234375,60759.40234375,61469.0390625,59878.8046875,60632.484375,36106447279
2024-10-04 00:00:00+00:00,62067.4765625,62067.4765625,62465.9921875,60459.94140625,60754.625,29585472513
2024-10-05 00:00:00+00:00,62089.94921875,62089.94921875,62371.0234375,61689.58203125,62067.609375,13305410749
2024-10-06 00:00:00+00:00,62818.953125,62818.953125,62959.5703125,61833.1484375,62084.98828125,14776233667
2024-10-07 00:00:00+00:00,62236.66015625,62236.66015625,64443.70703125,62152.55078125,62819.109375,34253562610
2024-10-08 00:00:00+00:00,62131.96875,62131.96875,63174.3046875,61843.5625,62221.64453125,28134475157
2024-10-09 00:00:00+00:00,60582.1015625,60582.1015625,62508.8359375,60314.61328125,62131.7265625,27670982363
2024-10-10 00:00:00+00:00,60274.5,60274.5,61236.72265625,58895.20703125,60581.9296875,30452813570
2024-10-11 00:00:00+00:00,62445.08984375,62445.08984375,63400.87109375,60046.125,60275.4609375,30327141594
2024-10-12 00:00:00+00:00,63193.0234375,63193.0234375,63448.78515625,62443.26953125,62444.6171875,16744110886
2024-10-13 00:00:00+00:00,62851.375,62851.375,63272.65234375,62035.63671875,63192.9453125,18177529690
2024-10-14 00:00:00+00:00,66046.125,66046.125,66482.4921875,62442.15234375,62848.3984375,43706958056
2024-10-15 00:00:00+00:00,67041.109375,67041.109375,67881.6796875,64809.1953125,66050.3671875,48863870879
2024-10-16 00:00:00+00:00,67612.71875,67612.71875,68375.2890625,66758.7265625,67042.4609375,38195189534
2024-10-17 00:00:00+00:00,67399.8359375,67399.8359375,67912.2109375,66647.390625,67617.078125,32790898511
